failure_id,equipment_number,equipment_name,equipment_type,failure_date,failure_mode,failed_component,root_cause,corrective_action,severity,detection_method,detection_to_failure_hrs,time_to_repair_hrs,total_downtime_hrs,production_loss_bbl,repair_cost_usd,was_predictable,linked_work_order
FL-5110,EM-002,Compressor Drive Motor,Electric Motor,2023-03-24,VFD Fault,VFD,Power supply harmonic distortion exceeded VFD tolerance,"Install line reactor, upgrade VFD firmware",Minor,Visual Inspection,8,16,24,0.0,8076.73,Partially,WO-3871036
FL-5020,CP-004,Seawater Lift Pump,Centrifugal Pump,2023-04-06,Coupling Misalignment,Coupling,Thermal growth exceeded alignment tolerance,"Re-align coupling, install expansion compensation",Major,Control Room Alarm,2,16,18,99.93,8948.33,No,WO-3960354
FL-5037,GC-002,Booster Compressor A,Gas Compressor,2023-04-19,Piston Ring Wear,Piston,Normal wear exceeding clearance limits after extended run,"Replace piston rings, verify cylinder liner condition",Moderate,Scheduled Inspection,4,8,12,0.0,15356.76,Partially,WO-3955141
FL-5131,FP-001,Fire Water Pump,Fire Water Pump,2023-04-26,Impeller Corrosion,Impeller,Seawater corrosion on cast iron impeller,"Replace with bronze impeller, add cathodic protection",Critical,Scheduled Inspection,0,8,8,162.52,191167.87,No,WO-3119352
FL-5061,HX-003,Produced Water Cooler,Heat Exchanger,2023-05-04,Gasket Failure,Gasket,Thermal cycling exceeded gasket material limits,Replace gaskets with spiral wound type,Critical,Visual Inspection,0,8,8,91.48,164249.84,Yes,WO-3532615
FL-5057,HX-002,Gas Cooler,Heat Exchanger,2023-05-14,Gasket Failure,Gasket,Thermal cycling exceeded gasket material limits,Replace gaskets with spiral wound type,Moderate,Visual Inspection,2,8,10,0.0,41373.0,Yes,WO-3886468
FL-5026,CP-004,Seawater Lift Pump,Centrifugal Pump,2023-05-22,Coupling Misalignment,Coupling,Thermal growth exceeded alignment tolerance,"Re-align coupling, install expansion compensation",Moderate,Oil Analysis,48,8,56,0.0,68611.61,Partially,WO-3426885
FL-5018,CP-003,Water Injection Pump,Centrifugal Pump,2023-06-19,Motor Overload Trip,Motor,Downstream valve partially closed increasing head,"Clear valve blockage, recalibrate protection relay",Minor,Operator Round,2,4,6,0.0,14340.19,No,WO-3826501
FL-5104,EM-001,Pump Drive Motor A,Electric Motor,2023-06-23,Bearing Failure,Bearing,Grease over-lubrication caused overheating,"Replace bearing, retrain lubrication personnel",Minor,Thermography,8,8,16,0.0,29059.05,No,WO-3867401
FL-5089,GT-001,Power Gen Turbine A,Gas Turbine,2023-06-26,Combustion Liner Crack,Combustor,Thermal fatigue from frequent start/stop cycles,"Replace liner segments, reduce start/stop frequency",Critical,Visual Inspection,2,168,170,2493.46,188179.32,Partially,WO-3396631
FL-5045,GC-003,Vapor Recovery Compressor,Gas Compressor,2023-06-27,Piston Ring Wear,Piston,Normal wear exceeding clearance limits after extended run,"Replace piston rings, verify cylinder liner condition",Minor,Operator Round,0,4,4,0.0,62295.07,Partially,WO-3691582
FL-5005,CP-001,Crude Transfer Pump A,Centrifugal Pump,2023-07-08,Coupling Misalignment,Coupling,Thermal growth exceeded alignment tolerance,"Re-align coupling, install expansion compensation",Minor,Control Room Alarm,0,8,8,0.0,7283.58,Yes,WO-3279640
FL-5033,GC-002,Booster Compressor A,Gas Compressor,2023-07-14,Seal Gas System Failure,Seal System,Instrument air supply pressure drop below minimum,"Repair air compressor, add backup supply",Minor,Vibration Monitoring,48,4,52,0.0,63322.38,Yes,WO-3506457
FL-5112,EM-002,Compressor Drive Motor,Electric Motor,2023-07-22,Winding Insulation Failure,Stator,Moisture ingress degraded insulation resistance,"Rewind stator, improve enclosure sealing",Major,Vibration Monitoring,8,8,16,88.26,36524.09,Yes,WO-3824387
FL-5117,CV-001,Separator Level Control Valve,Control Valve,2023-07-23,Positioner Calibration Drift,Positioner,Electronic positioner board component aging,"Recalibrate positioner, schedule replacement",Moderate,Performance Deviation,8,12,20,0.0,42747.57,No,WO-3003911
FL-5053,HX-001,Crude-Crude Heat Exchanger,Heat Exchanger,2023-07-27,Tube Leak,Tubes,Galvanic corrosion between dissimilar metals,"Plug leaking tubes, plan tube bundle replacement",Minor,Vibration Monitoring,0,72,72,0.0,58846.72,No,WO-3035952
FL-5049,HX-001,Crude-Crude Heat Exchanger,Heat Exchanger,2023-08-12,Gasket Failure,Gasket,Thermal cycling exceeded gasket material limits,Replace gaskets with spiral wound type,Moderate,Scheduled Inspection,4,24,28,0.0,34158.12,No,WO-3168513
FL-5054,HX-001,Crude-Crude Heat Exchanger,Heat Exchanger,2023-08-14,Fouling - Shell Side,Shell,Scale buildup from untreated seawater,"Chemical cleaning, improve water treatment",Major,Control Room Alarm,0,16,16,138.97,75809.41,Yes,WO-3555563
FL-5031,GC-001,Export Gas Compressor,Gas Compressor,2023-08-20,Seal Gas System Failure,Seal System,Instrument air supply pressure drop below minimum,"Repair air compressor, add backup supply",Critical,Control Room Alarm,0,16,16,191.76,182823.4,No,WO-3508853
FL-5022,CP-004,Seawater Lift Pump,Centrifugal Pump,2023-09-02,Mechanical Seal Failure,Seal,Worn seal faces due to abrasive particles in fluid,"Replace seal assembly, install strainer upstream",Major,Oil Analysis,0,4,4,20.02,4706.76,No,WO-3543372
FL-5019,CP-003,Water Injection Pump,Centrifugal Pump,2023-09-30,Bearing Failure,Bearing,Lubrication starvation from blocked oil line,"Replace bearing, flush lube oil system",Critical,Oil Analysis,0,24,24,392.46,129353.01,Partially,WO-3841966
FL-5009,CP-002,Crude Transfer Pump B,Centrifugal Pump,2023-10-31,Coupling Misalignment,Coupling,Thermal growth exceeded alignment tolerance,"Re-align coupling, install expansion compensation",Major,Oil Analysis,4,16,20,211.42,61495.28,Partially,WO-3675239
FL-5080,SP-003,Test Separator,Three-Phase Separator,2023-11-06,Pressure Relief Valve Lift,PRV,Downstream restriction caused overpressure condition,"Clear restriction, recertify PRV",Major,Vibration Monitoring,0,24,24,399.74,65866.02,No,WO-3945419
FL-5103,EM-001,Pump Drive Motor A,Electric Motor,2023-11-11,Bearing Failure,Bearing,Grease over-lubrication caused overheating,"Replace bearing, retrain lubrication personnel",Critical,Performance Deviation,0,12,12,126.72,198644.37,No,WO-3031083
FL-5002,CP-001,Crude Transfer Pump A,Centrifugal Pump,2023-11-15,Coupling Misalignment,Coupling,Thermal growth exceeded alignment tolerance,"Re-align coupling, install expansion compensation",Moderate,Thermography,2,12,14,0.0,34520.41,Partially,WO-3002810
FL-5096,GT-002,Power Gen Turbine B,Gas Turbine,2023-12-06,Exhaust Temp Spread High,Combustor,Uneven fuel distribution across combustion cans,"Balance fuel nozzle flow, replace worn nozzles",Moderate,Control Room Alarm,8,12,20,0.0,8145.18,Yes,WO-3239612
FL-5084,SP-003,Test Separator,Three-Phase Separator,2023-12-11,Level Control Failure,Instruments,Level transmitter drift from emulsion buildup on sensor,"Clean/replace transmitter, add chemical injection",Moderate,Operator Round,0,8,8,0.0,67631.35,Partially,WO-3065724
FL-5027,GC-001,Export Gas Compressor,Gas Compressor,2023-12-17,Bearing Degradation,Bearing,Contaminated lube oil caused accelerated wear,"Replace bearing, upgrade oil filtration",Critical,Visual Inspection,0,12,12,135.63,189773.59,No,WO-3523303
FL-5014,CP-003,Water Injection Pump,Centrifugal Pump,2024-01-07,Motor Overload Trip,Motor,Downstream valve partially closed increasing head,"Clear valve blockage, recalibrate protection relay",Major,Control Room Alarm,0,12,12,131.82,6124.34,Partially,WO-3033212
FL-5136,FP-001,Fire Water Pump,Fire Water Pump,2024-01-07,Diesel Engine Start Failure,Engine,Battery bank degradation below starting threshold,"Replace battery bank, add trickle charger monitoring",Major,Control Room Alarm,0,8,8,94.09,26631.74,Partially,WO-3284298
FL-5115,EM-002,Compressor Drive Motor,Electric Motor,2024-01-11,Winding Insulation Failure,Stator,Moisture ingress degraded insulation resistance,"Rewind stator, improve enclosure sealing",Moderate,Performance Deviation,0,168,168,0.0,8775.0,No,WO-3768739
FL-5124,CV-002,Compressor Anti-Surge Valve,Control Valve,2024-01-25,Trim Erosion,Trim,High-velocity flow with entrained sand particles,"Replace trim with tungsten carbide, add desander",Moderate,Control Room Alarm,24,8,32,0.0,35968.89,No,WO-3012232
FL-5021,CP-004,Seawater Lift Pump,Centrifugal Pump,2024-02-02,Bearing Failure,Bearing,Lubrication starvation from blocked oil line,"Replace bearing, flush lube oil system",Moderate,Vibration Monitoring,2,8,10,0.0,71716.4,Yes,WO-3714808
FL-5098,GT-002,Power Gen Turbine B,Gas Turbine,2024-02-19,Exhaust Temp Spread High,Combustor,Uneven fuel distribution across combustion cans,"Balance fuel nozzle flow, replace worn nozzles",Major,Operator Round,0,16,16,315.23,3793.06,No,WO-3910953
FL-5095,GT-002,Power Gen Turbine B,Gas Turbine,2024-03-17,Exhaust Temp Spread High,Combustor,Uneven fuel distribution across combustion cans,"Balance fuel nozzle flow, replace worn nozzles",Moderate,Vibration Monitoring,0,48,48,0.0,45673.83,Partially,WO-3226365
FL-5028,GC-001,Export Gas Compressor,Gas Compressor,2024-03-30,Seal Gas System Failure,Seal System,Instrument air supply pressure drop below minimum,"Repair air compressor, add backup supply",Moderate,Operator Round,0,48,48,0.0,31257.15,Partially,WO-3851748
FL-5039,GC-002,Booster Compressor A,Gas Compressor,2024-04-17,Piston Ring Wear,Piston,Normal wear exceeding clearance limits after extended run,"Replace piston rings, verify cylinder liner condition",Major,Visual Inspection,0,4,4,18.51,25616.83,Yes,WO-3237447
FL-5035,GC-002,Booster Compressor A,Gas Compressor,2024-04-21,Seal Gas System Failure,Seal System,Instrument air supply pressure drop below minimum,"Repair air compressor, add backup supply",Critical,Visual Inspection,8,12,20,138.42,110118.14,Partially,WO-3005240
FL-5062,HX-003,Produced Water Cooler,Heat Exchanger,2024-05-10,Tube Leak,Tubes,Galvanic corrosion between dissimilar metals,"Plug leaking tubes, plan tube bundle replacement",Major,Performance Deviation,0,16,16,101.21,79801.16,No,WO-3110857
FL-5114,EM-002,Compressor Drive Motor,Electric Motor,2024-05-12,VFD Fault,VFD,Power supply harmonic distortion exceeded VFD tolerance,"Install line reactor, upgrade VFD firmware",Major,Thermography,0,48,48,663.57,55796.15,No,WO-3313011
FL-5093,GT-001,Power Gen Turbine A,Gas Turbine,2024-05-28,Turbine Blade Fouling,Blades,Salt deposits from ambient air ingestion,Online wash + offline compressor wash,Critical,Visual Inspection,0,8,8,93.03,126360.52,Yes,WO-3967594
FL-5106,EM-001,Pump Drive Motor A,Electric Motor,2024-06-01,Bearing Failure,Bearing,Grease over-lubrication caused overheating,"Replace bearing, retrain lubrication personnel",Minor,Scheduled Inspection,0,8,8,0.0,12789.56,Yes,WO-3678416
FL-5111,EM-002,Compressor Drive Motor,Electric Motor,2024-06-05,VFD Fault,VFD,Power supply harmonic distortion exceeded VFD tolerance,"Install line reactor, upgrade VFD firmware",Minor,Operator Round,0,8,8,0.0,23531.73,Partially,WO-3887291
FL-5076,SP-002,2nd Stage Separator,Three-Phase Separator,2024-06-08,Pressure Relief Valve Lift,PRV,Downstream restriction caused overpressure condition,"Clear restriction, recertify PRV",Moderate,Scheduled Inspection,0,12,12,0.0,65786.47,No,WO-3370484
FL-5107,EM-001,Pump Drive Motor A,Electric Motor,2024-06-11,VFD Fault,VFD,Power supply harmonic distortion exceeded VFD tolerance,"Install line reactor, upgrade VFD firmware",Moderate,Visual Inspection,0,12,12,0.0,66071.61,Partially,WO-3017623
FL-5119,CV-001,Separator Level Control Valve,Control Valve,2024-07-07,Actuator Diaphragm Failure,Actuator,Diaphragm material degraded from chemical exposure,"Replace diaphragm, upgrade to chemical-resistant material",Minor,Thermography,0,16,16,0.0,69216.12,No,WO-3873956
FL-5017,CP-003,Water Injection Pump,Centrifugal Pump,2024-07-12,Mechanical Seal Failure,Seal,Worn seal faces due to abrasive particles in fluid,"Replace seal assembly, install strainer upstream",Moderate,Vibration Monitoring,0,8,8,0.0,47427.91,No,WO-3024129
FL-5007,CP-001,Crude Transfer Pump A,Centrifugal Pump,2024-07-18,Coupling Misalignment,Coupling,Thermal growth exceeded alignment tolerance,"Re-align coupling, install expansion compensation",Minor,Visual Inspection,0,24,24,0.0,18511.32,Partially,WO-3913001
FL-5066,SP-001,1st Stage Separator,Three-Phase Separator,2024-07-21,Weir Plate Corrosion,Internals,H2S corrosion on carbon steel weir plates,Replace with duplex stainless steel weir plates,Moderate,Scheduled Inspection,0,72,72,0.0,15297.54,Partially,WO-3907705
FL-5047,HX-001,Crude-Crude Heat Exchanger,Heat Exchanger,2024-07-24,Fouling - Shell Side,Shell,Scale buildup from untreated seawater,"Chemical cleaning, improve water treatment",Moderate,Thermography,0,24,24,0.0,65508.44,Yes,WO-3326334
FL-5086,GT-001,Power Gen Turbine A,Gas Turbine,2024-07-27,Fuel Nozzle Blockage,Fuel System,Particulate contamination in fuel gas supply,"Clean nozzles, upgrade fuel gas filtration",Minor,Vibration Monitoring,0,4,4,0.0,78203.63,Yes,WO-3022588
FL-5069,SP-001,1st Stage Separator,Three-Phase Separator,2024-07-27,Weir Plate Corrosion,Internals,H2S corrosion on carbon steel weir plates,Replace with duplex stainless steel weir plates,Moderate,Control Room Alarm,24,8,32,0.0,26306.71,No,WO-3889934
FL-5122,CV-002,Compressor Anti-Surge Valve,Control Valve,2024-08-02,Positioner Calibration Drift,Positioner,Electronic positioner board component aging,"Recalibrate positioner, schedule replacement",Critical,Thermography,0,8,8,54.51,143048.81,No,WO-3924968
FL-5046,GC-003,Vapor Recovery Compressor,Gas Compressor,2024-08-04,Bearing Degradation,Bearing,Contaminated lube oil caused accelerated wear,"Replace bearing, upgrade oil filtration",Major,Thermography,2,16,18,324.27,82267.21,Partially,WO-3344284
FL-5034,GC-002,Booster Compressor A,Gas Compressor,2024-08-07,Bearing Degradation,Bearing,Contaminated lube oil caused accelerated wear,"Replace bearing, upgrade oil filtration",Critical,Thermography,4,24,28,288.04,21171.38,No,WO-3998363
FL-5074,SP-002,2nd Stage Separator,Three-Phase Separator,2024-08-23,Level Control Failure,Instruments,Level transmitter drift from emulsion buildup on sensor,"Clean/replace transmitter, add chemical injection",Moderate,Scheduled Inspection,8,8,16,0.0,28130.91,No,WO-3631377
FL-5004,CP-001,Crude Transfer Pump A,Centrifugal Pump,2024-08-28,Coupling Misalignment,Coupling,Thermal growth exceeded alignment tolerance,"Re-align coupling, install expansion compensation",Moderate,Operator Round,2,4,6,0.0,25614.93,Yes,WO-3550316
FL-5118,CV-001,Separator Level Control Valve,Control Valve,2024-08-30,Trim Erosion,Trim,High-velocity flow with entrained sand particles,"Replace trim with tungsten carbide, add desander",Moderate,Vibration Monitoring,4,24,28,0.0,74941.48,No,WO-3576699
FL-5056,HX-002,Gas Cooler,Heat Exchanger,2024-09-01,Tube Leak,Tubes,Galvanic corrosion between dissimilar metals,"Plug leaking tubes, plan tube bundle replacement",Moderate,Thermography,0,16,16,0.0,72505.93,Yes,WO-3900825
FL-5085,SP-003,Test Separator,Three-Phase Separator,2024-09-01,Weir Plate Corrosion,Internals,H2S corrosion on carbon steel weir plates,Replace with duplex stainless steel weir plates,Major,Oil Analysis,48,168,216,3107.37,13291.42,Yes,WO-3397143
FL-5040,GC-002,Booster Compressor A,Gas Compressor,2024-09-06,Valve Plate Failure,Valve,Fatigue cracking from pulsation-induced stress,"Replace valve plates, install pulsation dampener",Moderate,Oil Analysis,0,24,24,0.0,81231.8,Partially,WO-3950359
FL-5064,HX-003,Produced Water Cooler,Heat Exchanger,2024-09-17,Tube Leak,Tubes,Galvanic corrosion between dissimilar metals,"Plug leaking tubes, plan tube bundle replacement",Major,Operator Round,0,48,48,195.25,13824.22,Partially,WO-3396133
FL-5078,SP-002,2nd Stage Separator,Three-Phase Separator,2024-09-22,Weir Plate Corrosion,Internals,H2S corrosion on carbon steel weir plates,Replace with duplex stainless steel weir plates,Moderate,Vibration Monitoring,0,16,16,0.0,47507.0,Partially,WO-3035406
FL-5032,GC-002,Booster Compressor A,Gas Compressor,2024-10-09,Seal Gas System Failure,Seal System,Instrument air supply pressure drop below minimum,"Repair air compressor, add backup supply",Major,Operator Round,0,4,4,75.86,20854.53,Partially,WO-3413178
FL-5055,HX-002,Gas Cooler,Heat Exchanger,2024-10-27,Fouling - Shell Side,Shell,Scale buildup from untreated seawater,"Chemical cleaning, improve water treatment",Moderate,Vibration Monitoring,4,8,12,0.0,34706.37,Yes,WO-3597537
FL-5116,CV-001,Separator Level Control Valve,Control Valve,2024-11-15,Positioner Calibration Drift,Positioner,Electronic positioner board component aging,"Recalibrate positioner, schedule replacement",Moderate,Scheduled Inspection,2,72,74,0.0,56553.82,No,WO-3188925
FL-5130,FP-001,Fire Water Pump,Fire Water Pump,2024-11-20,Diesel Engine Start Failure,Engine,Battery bank degradation below starting threshold,"Replace battery bank, add trickle charger monitoring",Critical,Operator Round,0,16,16,149.42,184521.65,Yes,WO-3570308
FL-5101,EM-001,Pump Drive Motor A,Electric Motor,2024-11-20,Bearing Failure,Bearing,Grease over-lubrication caused overheating,"Replace bearing, retrain lubrication personnel",Moderate,Operator Round,8,48,56,0.0,63355.62,Partially,WO-3232671
FL-5006,CP-001,Crude Transfer Pump A,Centrifugal Pump,2024-12-01,Mechanical Seal Failure,Seal,Worn seal faces due to abrasive particles in fluid,"Replace seal assembly, install strainer upstream",Critical,Vibration Monitoring,0,8,8,74.26,178039.31,Yes,WO-3050626
FL-5041,GC-003,Vapor Recovery Compressor,Gas Compressor,2024-12-10,Bearing Degradation,Bearing,Contaminated lube oil caused accelerated wear,"Replace bearing, upgrade oil filtration",Minor,Scheduled Inspection,0,12,12,0.0,53243.66,Yes,WO-3217720
FL-5094,GT-002,Power Gen Turbine B,Gas Turbine,2024-12-25,Combustion Liner Crack,Combustor,Thermal fatigue from frequent start/stop cycles,"Replace liner segments, reduce start/stop frequency",Major,Visual Inspection,2,48,50,731.49,43504.04,Partially,WO-3685312
FL-5134,FP-001,Fire Water Pump,Fire Water Pump,2024-12-28,Diesel Engine Start Failure,Engine,Battery bank degradation below starting threshold,"Replace battery bank, add trickle charger monitoring",Moderate,Vibration Monitoring,2,4,6,0.0,17274.6,Yes,WO-3620987
FL-5126,CV-002,Compressor Anti-Surge Valve,Control Valve,2025-01-03,Actuator Diaphragm Failure,Actuator,Diaphragm material degraded from chemical exposure,"Replace diaphragm, upgrade to chemical-resistant material",Moderate,Scheduled Inspection,0,4,4,0.0,3783.96,Partially,WO-3202916
FL-5042,GC-003,Vapor Recovery Compressor,Gas Compressor,2025-01-27,Seal Gas System Failure,Seal System,Instrument air supply pressure drop below minimum,"Repair air compressor, add backup supply",Major,Performance Deviation,48,16,64,209.58,2452.65,No,WO-3879406
FL-5113,EM-002,Compressor Drive Motor,Electric Motor,2025-01-27,VFD Fault,VFD,Power supply harmonic distortion exceeded VFD tolerance,"Install line reactor, upgrade VFD firmware",Moderate,Visual Inspection,24,24,48,0.0,74000.84,Yes,WO-3227655
FL-5010,CP-002,Crude Transfer Pump B,Centrifugal Pump,2025-02-01,Mechanical Seal Failure,Seal,Worn seal faces due to abrasive particles in fluid,"Replace seal assembly, install strainer upstream",Minor,Visual Inspection,4,16,20,0.0,78182.07,Yes,WO-3248736
FL-5071,SP-001,1st Stage Separator,Three-Phase Separator,2025-02-08,Pressure Relief Valve Lift,PRV,Downstream restriction caused overpressure condition,"Clear restriction, recertify PRV",Major,Control Room Alarm,8,16,24,56.34,24037.32,Partially,WO-3994587
FL-5128,FP-001,Fire Water Pump,Fire Water Pump,2025-02-08,Jockey Pump Failure,Jockey Pump,Mechanical seal failure on jockey pump from dry running,"Replace jockey pump seal, install low-flow alarm",Major,Operator Round,0,8,8,72.99,7619.06,No,WO-3271897
FL-5109,EM-002,Compressor Drive Motor,Electric Motor,2025-02-11,Winding Insulation Failure,Stator,Moisture ingress degraded insulation resistance,"Rewind stator, improve enclosure sealing",Major,Oil Analysis,8,24,32,402.04,78285.21,No,WO-3657439
FL-5079,SP-002,2nd Stage Separator,Three-Phase Separator,2025-02-16,Level Control Failure,Instruments,Level transmitter drift from emulsion buildup on sensor,"Clean/replace transmitter, add chemical injection",Critical,Vibration Monitoring,2,8,10,139.23,54869.22,No,WO-3020007
FL-5059,HX-002,Gas Cooler,Heat Exchanger,2025-02-23,Gasket Failure,Gasket,Thermal cycling exceeded gasket material limits,Replace gaskets with spiral wound type,Moderate,Oil Analysis,0,8,8,0.0,27986.06,Yes,WO-3572571
FL-5075,SP-002,2nd Stage Separator,Three-Phase Separator,2025-02-27,Pressure Relief Valve Lift,PRV,Downstream restriction caused overpressure condition,"Clear restriction, recertify PRV",Moderate,Thermography,2,24,26,0.0,40143.61,No,WO-3396586
FL-5092,GT-001,Power Gen Turbine A,Gas Turbine,2025-02-27,Turbine Blade Fouling,Blades,Salt deposits from ambient air ingestion,Online wash + offline compressor wash,Critical,Control Room Alarm,8,48,56,780.0,11854.88,No,WO-3107286
FL-5023,CP-004,Seawater Lift Pump,Centrifugal Pump,2025-02-28,Mechanical Seal Failure,Seal,Worn seal faces due to abrasive particles in fluid,"Replace seal assembly, install strainer upstream",Major,Control Room Alarm,0,16,16,164.24,57784.26,No,WO-3133375
FL-5011,CP-002,Crude Transfer Pump B,Centrifugal Pump,2025-03-25,Mechanical Seal Failure,Seal,Worn seal faces due to abrasive particles in fluid,"Replace seal assembly, install strainer upstream",Major,Scheduled Inspection,0,12,12,187.58,10312.59,No,WO-3017004
FL-5030,GC-001,Export Gas Compressor,Gas Compressor,2025-04-02,Seal Gas System Failure,Seal System,Instrument air supply pressure drop below minimum,"Repair air compressor, add backup supply",Moderate,Oil Analysis,0,12,12,0.0,56131.73,Partially,WO-3264737
FL-5129,FP-001,Fire Water Pump,Fire Water Pump,2025-04-12,Impeller Corrosion,Impeller,Seawater corrosion on cast iron impeller,"Replace with bronze impeller, add cathodic protection",Major,Oil Analysis,0,24,24,304.98,11775.49,Partially,WO-3032221
FL-5121,CV-001,Separator Level Control Valve,Control Valve,2025-04-14,Actuator Diaphragm Failure,Actuator,Diaphragm material degraded from chemical exposure,"Replace diaphragm, upgrade to chemical-resistant material",Major,Scheduled Inspection,8,8,16,89.97,58370.22,Yes,WO-3834514
FL-5132,FP-001,Fire Water Pump,Fire Water Pump,2025-04-24,Diesel Engine Start Failure,Engine,Battery bank degradation below starting threshold,"Replace battery bank, add trickle charger monitoring",Minor,Performance Deviation,0,16,16,0.0,56007.51,Partially,WO-3589749
FL-5099,GT-002,Power Gen Turbine B,Gas Turbine,2025-05-07,Turbine Blade Fouling,Blades,Salt deposits from ambient air ingestion,Online wash + offline compressor wash,Moderate,Oil Analysis,0,4,4,0.0,46521.21,Partially,WO-3731090
FL-5133,FP-001,Fire Water Pump,Fire Water Pump,2025-05-09,Impeller Corrosion,Impeller,Seawater corrosion on cast iron impeller,"Replace with bronze impeller, add cathodic protection",Minor,Visual Inspection,24,12,36,0.0,82775.05,Yes,WO-3224590
FL-5127,CV-002,Compressor Anti-Surge Valve,Control Valve,2025-05-11,Actuator Diaphragm Failure,Actuator,Diaphragm material degraded from chemical exposure,"Replace diaphragm, upgrade to chemical-resistant material",Minor,Visual Inspection,4,4,8,0.0,8911.85,Yes,WO-3940804
FL-5077,SP-002,2nd Stage Separator,Three-Phase Separator,2025-05-19,Level Control Failure,Instruments,Level transmitter drift from emulsion buildup on sensor,"Clean/replace transmitter, add chemical injection",Moderate,Oil Analysis,0,48,48,0.0,30917.18,No,WO-3738103
FL-5065,SP-001,1st Stage Separator,Three-Phase Separator,2025-05-28,Pressure Relief Valve Lift,PRV,Downstream restriction caused overpressure condition,"Clear restriction, recertify PRV",Moderate,Vibration Monitoring,8,8,16,0.0,75224.97,Partially,WO-3571081
FL-5073,SP-002,2nd Stage Separator,Three-Phase Separator,2025-06-16,Weir Plate Corrosion,Internals,H2S corrosion on carbon steel weir plates,Replace with duplex stainless steel weir plates,Minor,Control Room Alarm,4,168,172,0.0,68432.96,No,WO-3059817
FL-5003,CP-001,Crude Transfer Pump A,Centrifugal Pump,2025-06-23,Coupling Misalignment,Coupling,Thermal growth exceeded alignment tolerance,"Re-align coupling, install expansion compensation",Moderate,Control Room Alarm,8,8,16,0.0,60668.7,Yes,WO-3979113
FL-5044,GC-003,Vapor Recovery Compressor,Gas Compressor,2025-06-23,Seal Gas System Failure,Seal System,Instrument air supply pressure drop below minimum,"Repair air compressor, add backup supply",Moderate,Visual Inspection,0,168,168,0.0,75906.59,Yes,WO-3863897
FL-5123,CV-002,Compressor Anti-Surge Valve,Control Valve,2025-06-27,Actuator Diaphragm Failure,Actuator,Diaphragm material degraded from chemical exposure,"Replace diaphragm, upgrade to chemical-resistant material",Major,Scheduled Inspection,0,16,16,229.4,2848.61,Partially,WO-3779243
FL-5048,HX-001,Crude-Crude Heat Exchanger,Heat Exchanger,2025-07-04,Tube Leak,Tubes,Galvanic corrosion between dissimilar metals,"Plug leaking tubes, plan tube bundle replacement",Major,Control Room Alarm,0,8,8,51.26,72742.15,No,WO-3883880
FL-5082,SP-003,Test Separator,Three-Phase Separator,2025-07-06,Level Control Failure,Instruments,Level transmitter drift from emulsion buildup on sensor,"Clean/replace transmitter, add chemical injection",Minor,Scheduled Inspection,2,72,74,0.0,78940.95,Yes,WO-3416350
FL-5108,EM-002,Compressor Drive Motor,Electric Motor,2025-07-19,VFD Fault,VFD,Power supply harmonic distortion exceeded VFD tolerance,"Install line reactor, upgrade VFD firmware",Critical,Oil Analysis,0,16,16,250.47,125786.2,Yes,WO-3781925
FL-5087,GT-001,Power Gen Turbine A,Gas Turbine,2025-07-27,Combustion Liner Crack,Combustor,Thermal fatigue from frequent start/stop cycles,"Replace liner segments, reduce start/stop frequency",Minor,Performance Deviation,8,12,20,0.0,31074.61,No,WO-3697104
FL-5105,EM-001,Pump Drive Motor A,Electric Motor,2025-07-31,VFD Fault,VFD,Power supply harmonic distortion exceeded VFD tolerance,"Install line reactor, upgrade VFD firmware",Critical,Oil Analysis,0,8,8,107.16,166277.51,Yes,WO-3559806
FL-5012,CP-002,Crude Transfer Pump B,Centrifugal Pump,2025-08-16,Bearing Failure,Bearing,Lubrication starvation from blocked oil line,"Replace bearing, flush lube oil system",Moderate,Oil Analysis,0,12,12,0.0,10139.44,Yes,WO-3528003
FL-5058,HX-002,Gas Cooler,Heat Exchanger,2025-08-16,Gasket Failure,Gasket,Thermal cycling exceeded gasket material limits,Replace gaskets with spiral wound type,Moderate,Performance Deviation,0,24,24,0.0,5382.58,Yes,WO-3181911
FL-5043,GC-003,Vapor Recovery Compressor,Gas Compressor,2025-08-23,Piston Ring Wear,Piston,Normal wear exceeding clearance limits after extended run,"Replace piston rings, verify cylinder liner condition",Minor,Performance Deviation,0,4,4,0.0,60913.02,No,WO-3495962
FL-5063,HX-003,Produced Water Cooler,Heat Exchanger,2025-08-25,Gasket Failure,Gasket,Thermal cycling exceeded gasket material limits,Replace gaskets with spiral wound type,Moderate,Vibration Monitoring,0,48,48,0.0,83259.19,No,WO-3986636
FL-5100,GT-002,Power Gen Turbine B,Gas Turbine,2025-09-04,Combustion Liner Crack,Combustor,Thermal fatigue from frequent start/stop cycles,"Replace liner segments, reduce start/stop frequency",Moderate,Control Room Alarm,0,4,4,0.0,63700.13,No,WO-3770605
FL-5091,GT-001,Power Gen Turbine A,Gas Turbine,2025-09-04,Turbine Blade Fouling,Blades,Salt deposits from ambient air ingestion,Online wash + offline compressor wash,Major,Control Room Alarm,0,4,4,27.26,82453.91,Yes,WO-3369911
FL-5036,GC-002,Booster Compressor A,Gas Compressor,2025-09-23,Seal Gas System Failure,Seal System,Instrument air supply pressure drop below minimum,"Repair air compressor, add backup supply",Critical,Oil Analysis,0,12,12,132.71,207573.56,Yes,WO-3182347
FL-5008,CP-002,Crude Transfer Pump B,Centrifugal Pump,2025-09-30,Motor Overload Trip,Motor,Downstream valve partially closed increasing head,"Clear valve blockage, recalibrate protection relay",Critical,Thermography,0,16,16,57.05,65371.42,Yes,WO-3360414
FL-5016,CP-003,Water Injection Pump,Centrifugal Pump,2025-10-20,Coupling Misalignment,Coupling,Thermal growth exceeded alignment tolerance,"Re-align coupling, install expansion compensation",Major,Scheduled Inspection,4,12,16,81.06,42800.18,No,WO-3523568
FL-5052,HX-001,Crude-Crude Heat Exchanger,Heat Exchanger,2025-10-27,Gasket Failure,Gasket,Thermal cycling exceeded gasket material limits,Replace gaskets with spiral wound type,Major,Oil Analysis,0,8,8,100.75,56881.15,Yes,WO-3129495
FL-5013,CP-002,Crude Transfer Pump B,Centrifugal Pump,2025-11-06,Impeller Erosion,Impeller,Cavitation damage from low NPSH conditions,"Replace impeller, adjust suction piping",Minor,Scheduled Inspection,0,8,8,0.0,45469.96,Yes,WO-3015260
FL-5051,HX-001,Crude-Crude Heat Exchanger,Heat Exchanger,2025-11-09,Tube Leak,Tubes,Galvanic corrosion between dissimilar metals,"Plug leaking tubes, plan tube bundle replacement",Major,Visual Inspection,0,8,8,78.16,80045.46,Partially,WO-3104631
FL-5102,EM-001,Pump Drive Motor A,Electric Motor,2025-11-10,Winding Insulation Failure,Stator,Moisture ingress degraded insulation resistance,"Rewind stator, improve enclosure sealing",Moderate,Vibration Monitoring,24,16,40,0.0,79271.8,No,WO-3963958
FL-5097,GT-002,Power Gen Turbine B,Gas Turbine,2025-11-13,Combustion Liner Crack,Combustor,Thermal fatigue from frequent start/stop cycles,"Replace liner segments, reduce start/stop frequency",Minor,Scheduled Inspection,0,168,168,0.0,10876.17,No,WO-3779516
FL-5068,SP-001,1st Stage Separator,Three-Phase Separator,2025-11-15,Level Control Failure,Instruments,Level transmitter drift from emulsion buildup on sensor,"Clean/replace transmitter, add chemical injection",Critical,Visual Inspection,0,8,8,16.93,118608.2,Yes,WO-3212005
FL-5070,SP-001,1st Stage Separator,Three-Phase Separator,2025-11-25,Level Control Failure,Instruments,Level transmitter drift from emulsion buildup on sensor,"Clean/replace transmitter, add chemical injection",Minor,Visual Inspection,0,8,8,0.0,6407.12,No,WO-3383168
FL-5135,FP-001,Fire Water Pump,Fire Water Pump,2025-12-11,Jockey Pump Failure,Jockey Pump,Mechanical seal failure on jockey pump from dry running,"Replace jockey pump seal, install low-flow alarm",Minor,Control Room Alarm,24,4,28,0.0,22891.34,Partially,WO-3196914
FL-5038,GC-002,Booster Compressor A,Gas Compressor,2025-12-13,Seal Gas System Failure,Seal System,Instrument air supply pressure drop below minimum,"Repair air compressor, add backup supply",Moderate,Visual Inspection,0,8,8,0.0,39423.98,No,WO-3606243
FL-5125,CV-002,Compressor Anti-Surge Valve,Control Valve,2025-12-15,Actuator Diaphragm Failure,Actuator,Diaphragm material degraded from chemical exposure,"Replace diaphragm, upgrade to chemical-resistant material",Moderate,Oil Analysis,8,4,12,0.0,44361.55,No,WO-3421794
FL-5067,SP-001,1st Stage Separator,Three-Phase Separator,2025-12-15,Pressure Relief Valve Lift,PRV,Downstream restriction caused overpressure condition,"Clear restriction, recertify PRV",Moderate,Visual Inspection,0,8,8,0.0,61415.37,No,WO-3050874
FL-5050,HX-001,Crude-Crude Heat Exchanger,Heat Exchanger,2026-01-01,Fouling - Shell Side,Shell,Scale buildup from untreated seawater,"Chemical cleaning, improve water treatment",Moderate,Visual Inspection,0,12,12,0.0,47937.3,No,WO-3371748
FL-5072,SP-002,2nd Stage Separator,Three-Phase Separator,2026-01-29,Weir Plate Corrosion,Internals,H2S corrosion on carbon steel weir plates,Replace with duplex stainless steel weir plates,Moderate,Vibration Monitoring,0,8,8,0.0,17820.16,No,WO-3487116
FL-5083,SP-003,Test Separator,Three-Phase Separator,2026-01-30,Weir Plate Corrosion,Internals,H2S corrosion on carbon steel weir plates,Replace with duplex stainless steel weir plates,Minor,Performance Deviation,48,48,96,0.0,66623.84,No,WO-3116845
FL-5137,FP-001,Fire Water Pump,Fire Water Pump,2026-02-01,Impeller Corrosion,Impeller,Seawater corrosion on cast iron impeller,"Replace with bronze impeller, add cathodic protection",Moderate,Scheduled Inspection,0,8,8,0.0,7816.15,Yes,WO-3172531
FL-5025,CP-004,Seawater Lift Pump,Centrifugal Pump,2026-02-03,Motor Overload Trip,Motor,Downstream valve partially closed increasing head,"Clear valve blockage, recalibrate protection relay",Minor,Operator Round,8,48,56,0.0,59191.28,Yes,WO-3337773
FL-5060,HX-003,Produced Water Cooler,Heat Exchanger,2026-02-05,Fouling - Shell Side,Shell,Scale buildup from untreated seawater,"Chemical cleaning, improve water treatment",Moderate,Scheduled Inspection,0,48,48,0.0,57197.85,Partially,WO-3231876
FL-5090,GT-001,Power Gen Turbine A,Gas Turbine,2026-02-07,Turbine Blade Fouling,Blades,Salt deposits from ambient air ingestion,Online wash + offline compressor wash,Moderate,Control Room Alarm,0,8,8,0.0,44622.4,Yes,WO-3153745
FL-5024,CP-004,Seawater Lift Pump,Centrifugal Pump,2026-02-11,Impeller Erosion,Impeller,Cavitation damage from low NPSH conditions,"Replace impeller, adjust suction piping",Moderate,Oil Analysis,0,8,8,0.0,63258.55,No,WO-3249834
FL-5088,GT-001,Power Gen Turbine A,Gas Turbine,2026-02-22,Exhaust Temp Spread High,Combustor,Uneven fuel distribution across combustion cans,"Balance fuel nozzle flow, replace worn nozzles",Major,Operator Round,0,12,12,144.38,12761.07,No,WO-3410977
FL-5120,CV-001,Separator Level Control Valve,Control Valve,2026-03-06,Trim Erosion,Trim,High-velocity flow with entrained sand particles,"Replace trim with tungsten carbide, add desander",Critical,Control Room Alarm,0,8,8,64.31,52103.32,No,WO-3398143
FL-5001,CP-001,Crude Transfer Pump A,Centrifugal Pump,2026-03-12,Coupling Misalignment,Coupling,Thermal growth exceeded alignment tolerance,"Re-align coupling, install expansion compensation",Moderate,Scheduled Inspection,8,12,20,0.0,44399.49,Partially,WO-3835643
FL-5029,GC-001,Export Gas Compressor,Gas Compressor,2026-03-13,Intercooler Fouling,Cooler,Hydrocarbon condensate buildup in cooling passages,"Clean intercooler, install knockout drum",Moderate,Vibration Monitoring,0,24,24,0.0,45907.9,Partially,WO-3631806
FL-5081,SP-003,Test Separator,Three-Phase Separator,2026-03-13,Level Control Failure,Instruments,Level transmitter drift from emulsion buildup on sensor,"Clean/replace transmitter, add chemical injection",Minor,Operator Round,0,48,48,0.0,66883.21,No,WO-3946119
FL-5015,CP-003,Water Injection Pump,Centrifugal Pump,2026-03-14,Mechanical Seal Failure,Seal,Worn seal faces due to abrasive particles in fluid,"Replace seal assembly, install strainer upstream",Critical,Oil Analysis,4,16,20,73.27,149893.63,Partially,WO-3504656
FL-5138,CP-004,Seawater Lift Pump,Centrifugal Pump,2026-04-07,Mechanical Seal Failure,Seal,Worn seal faces due to abrasive particles in seawater — no upstream strainer installed,"Emergency seal replacement, installed 50-micron strainer upstream, ordered duplex SS seal upgrade",Critical,Control Room Alarm,0,72,72,4500.0,48500.0,Yes,WO-4000148
